kinase,SK6.AT13148,JAK2.AZD1480,AKT.AZD5363,CDK.AZD5438,PI3k.AZD6482,mTOR.AZD8055,CK2.CX4945,BRAF.Dabrafenib,TKI.Dasatinib,ERK.GDC0994,AKT.GSK690693,cMET.JNJ38877605,CDK.LEE011,SK6.LY2584702,CDK.LY2835219,AKT.MK2206,TKI.MP470,PAK.PF3758309,P38.PH797804,ROCK.Ripasudil,JAK2.Tofacitinib,MEK.Trametinib,ERK.Ulixertinib,BRAF.Vemurafenib,AKT.AZD5363,AKT.GDC0068,CDK12.AZD5438,CDK46.LY2835219,CK2.CX4945,EGFR.AZD3759,ERK.GDC0994,GSK3.LY2090314,JAK2.AZD1480,JNK.JNKIN8,MEK.Trametinib,mTOR.AZD8055,p70S6K.LY2584702,PAK.PF3758309,PDK1.GSK2334470,PI3K.GDC0941,PI3K.HS173,PKC.GF109203X,PKC.Go6976,PKC.Go6983,TKI.MP470,p110?.AZD6482,p110?.CAL101,p110?/?.GDC0941,p110?.HS173,p110?.PIK294,p110?.TGX221,CDK129.AZD5438,PAK.FRAX486,mTORC12.Ku0063794,mTORC12.Torin1,PDK1.BX912,GSK3AB.CHIR99021,GSK3AB.LY2090314,MEK1.AZD6244,ROCK2.KD025,ROCK12.Ripasudil
PAK6,1,1,1,1,1,1,1,1,1,1,1,1,1,1,1,1,1,2.37E-05,1,1,1,1,1,1,0.85492228,1,0.989974937,0.62,0.82,1,1,1,0.72,0.91,0.99,0.94,0.97,0.29,0.958506224,1,0.87,0.91,0.87,0.859719439,0.98,1,1,1,1,1,1,1,0,1,1,1,1,1,1,1,1
CDK7,1,1,1,0.036647712,1,1,0.111968029,1,1,1,1,1,1,1,1,1,1,2.59E-05,1,1,1,1,1,1,0.937823834,1,0.167919799,0.12,0.17,0.969834087,1,0.71,0.81,0.86,0.88,0.91,1,0.016,1,1,0.96,0.56,0.85,0.488977956,0.97,1,1,1,1,1,1,1,1,1,1,1,1,1,1,1,1
RPS6KA6,1,1,1,1,1,1,0.053804522,1,1,1,1,1,1,1,1,1,1,4.04E-05,1,1,1,1,1,1,0.730569948,1,0.869674185,0.78,0.44,0.678230266,0.62962963,0.74,1,1,1,0.94,0.078,0.0035,0.885892116,0.92,0.94,0.018,0.52,0.188376754,0.74,1,1,1,1,1,1,1,1,1,1,1,1,1,1,1,1
PRKAA1,1,1,0.02861286,1,1,1,0.24189317,1,1,1,1,1,1,1,1,1,1,8.02E-05,1,0.05136683,1,1,1,1,0.844559585,1,1,0.81,0.63,0.989944696,1,0.93,0.55,0.95,0.93,0.92,0.94,0.041,0.958506224,1,0.86,0.87,0.9,0.97995992,0.96,1,1,1,1,1,1,1,1,1,1,1,1,1,1,1,1
CLK4,1,1,0.008056079,1,1,1,1,1,1,1,1,1,1,1,1,1,1,0.000185353,1,1,1,1,1,1,0.512953368,1,0.769423559,0.031,0.16,0.959778783,0.96996997,1,1,1,1,1,1,0.23,0.076763485,0.96,0.92,0.42,0.74,0.308617234,1,1,1,1,1,1,1,1,1,1,1,1,1,1,1,1,1
CDK17,1,1,1,1,1,1,1,0.000554858,1,1,1,1,1,1,1,1,1,0.000198432,1,1,1,1,1,1,1,1,0.69924812,0.43,1,1,0.98998999,1,0.82,1,1,1,0.93,1,1,1,1,1,1,1,1,1,1,1,1,1,1,1,1,1,1,1,1,1,1,1,1
PHKG2,1,1,1,1,1,1,0.055075299,1,1,1,1,1,1,1,1,1,1,0.000818006,1,1,1,1,1,1,0.917098446,1,0.979949875,0.46,0.021,0.718451483,1,0.79,0.53,0.85,0.91,0.89,1,0.15,0.761410788,1,0.7,0.75,0.61,0.719438878,0.7,1,1,1,1,1,1,1,1,1,1,1,1,1,1,1,1
MELK,1,1,1,1,1,1,1,0.028530215,1,1,1,1,1,1,1,1,1,0.000880993,1,1,1,1,1,1,0.989637306,1,0.819548872,0.78,0.63,0.869281046,1,1,0.94,0.8,0.81,0.87,0.98,0.27,0.522821577,0.98,0.62,0.66,0.35,0.93987976,0.88,1,1,1,1,1,1,1,1,1,1,1,1,1,1,1,1
PAK4,1,0.029604686,1,1,1,1,1,1,1,1,0.000753881,1,1,1,1,1,1,0.001106407,1,1,1,1,1,1,0.823834197,1,0.829573935,0.67,0.83,0.989944696,0.96996997,0.93,0.76,0.87,0.8,0.94,1,0.066,0.875518672,1,0.99,0.75,0.8,0.769539078,0.98,1,1,1,1,1,1,1,0,1,1,1,1,1,1,1,1
PRKCQ,1,1,0.066737731,1,1,1,1,1,0.011160088,1,0.000136208,1,1,1,1,1,1,0.001315965,1,1,1,1,1,1,0.813471503,1,0.598997494,0.95,0.9,1,1,0.93,0.94,0.79,0.78,0.96,1,0.2,0.854771784,1,0.9,0.078,0.76,0.075150301,1,1,1,1,1,1,1,1,1,1,1,1,1,1,1,1,1
CLK1,1,1,1,1,1,1,0.00020374,1,1,1,1,1,1,1,8.84E-05,1,1,0.001392338,1,1,1,1,1,1,0.689119171,1,0.80952381,0.032,0.035,1,1,0.9,1,0.98,0.86,0.96,0.99,0.045,0.937759336,0.97,0.85,0.4,0.87,0.258517034,0.57,1,1,1,1,1,1,1,1,1,1,1,1,1,1,1,1
RPS6KA3,1,1,1,1,1,1,1,1,1,1,1,1,1,1,1,1,1,0.001563262,1,1,1,1,1,1,0.803108808,0.47,1,0.9,0.52,0.859225742,0.86986987,1,1,1,1,1,1,0.013,0.84439834,1,1,0.21,0.66,0.448897796,0.92,1,1,1,1,1,1,1,1,1,1,1,1,1,1,1,1
MARK3,1,1,1,1,1,1,1,1,1,1,0.003188685,1,1,1,1,1,1,0.001631299,1,0.915517251,0.169471734,1,1,1,1,1,1,1,0.92,1,1,1,1,1,0.99,1,1,0.32,1,1,1,0.96,0.96,1,1,1,1,1,1,1,1,1,1,1,1,1,1,1,1,1,1
RPS6KA4,1,1,1,1,1,1,1,1,1,1,0.013369776,1,1,1,1,1,1,0.001735664,1,1,1,1,1,1,0.968911917,0.38,0.959899749,0.34,0.6,0.607843137,0.72972973,1,1,1,1,0.99,0.95,0.081,1,0.84,0.7,0.86,0.72,1,0.69,1,1,1,1,1,1,1,1,1,1,1,1,1,1,1,1
MARK2,1,1,1,1,1,1,0.050044465,1,1,1,0.005499891,1,1,1,1,1,1,0.001770976,1,0.094576651,0.10414815,1,1,1,0.958549223,1,0.829573935,0.9,0.77,1,0.80980981,0.79,0.86,0.69,0.94,0.81,0.96,0.14,0.958506224,1,0.72,0.97,0.75,0.849699399,0.81,1,1,1,1,1,1,1,1,1,1,1,1,1,1,1,1
LATS1,0.00040225,1,0.22168415,1,1,1,1,1,1,1,0.001148771,1,1,1,1,1,1,0.00245561,1,1,1,1,1,1,0.678756477,1,0.879699248,0.73,0.77,0.829059829,1,0.82,0.97,0.86,0.83,0.93,0.92,0.71,0.782157676,0.92,0.89,0.98,0.58,0.929859719,0.86,1,1,1,1,1,1,1,1,1,1,1,1,1,1,1,1
FGFR1,1,0.012196232,1,1,1,1,1,1,1,1,1,1,1,1,1,1,1,0.003254546,1,1,1,1,1,1,0.730569948,1,0.859649123,0.89,0.92,1,0.92992993,0.97,0.065,1,0.94,0.9,0.002,0.49,0.885892116,1,1,0.038,0.61,0.779559118,0.99,1,1,1,1,1,1,1,1,1,1,1,1,1,1,1,1
PRKD2,1,1,0.035288564,0.036366452,1,1,1,0.000519326,1,1,1,1,0.393285851,1,0.032425148,1,1,0.003817878,1,0.058189475,1,1,0.099593709,1,1,1,1,0.8,1,1,0.95995996,1,1,1,1,0.98,0.93,0.58,1,1,0.97,1,0.74,1,1,1,1,1,1,1,1,1,1,1,1,1,1,1,1,1,1
PRKD3,1,1,0.03467911,1,1,1,1,0.001875046,1,1,1,1,1,1,0.028930594,1,1,0.004203659,1,1,1,1,1,1,0.751295337,1,0.84962406,0.59,0.74,0.839115133,0.75975976,1,0.92,0.88,1,0.83,0.93,0.31,1,0.84,0.82,0.93,0.43,0.458917836,0.89,1,1,1,1,1,1,1,1,1,1,1,1,1,1,1,1
CAMK2G,1,1,1,1,1,1,1,1,1,1,1,1,0.003866831,1,0.000265509,1,1,0.004315039,1,1,1,1,1,1,0.917098446,0.4,0.909774436,0.078,0.92,1,1,0.89,0.75,0.91,0.9,0.86,0.95,0.47,0.782157676,0.92,0.9,0.79,0.84,0.849699399,1,1,1,1,1,1,1,1,1,1,1,1,1,1,1,1,1
CAMK2D,1,1,1,1,1,1,1,1,1,1,1,1,0.004584232,1,0.000290002,1,1,0.005382567,1,1,1,1,1,1,0.92746114,1,0.959899749,0.046,0.92,0.849170437,1,0.88,0.75,0.017,0.93,0.86,0.91,0.55,0.771784232,0.93,0.9,0.72,0.81,0.879759519,0.99,1,1,1,1,1,1,1,1,1,1,1,1,1,1,1,1
PRKACB,0.000209924,1,0.00374482,1,1,1,1,1,0.019084037,1,0.000543027,1,1,1,1,1,1,0.00554724,1,1,1,1,1,1,0.119170984,1,1,0.97,0.94,0.979889392,1,1,1,0.98,1,1,1,0.21,0.979253112,0.99,1,0.89,1,0.609218437,0.98,1,1,1,1,1,1,1,1,1,1,1,1,1,1,1,1
RPS6KB1,1,1,1,1,1,1,1,1,1,1,1,1,1,0.000216389,1,1,1,0.005601438,1,1,1,1,1,1,0.305699482,0.27,0.779448622,0.68,0.68,0.748617396,0.70970971,0.96,1,1,0.96,1,0.4,0.62,0.79253112,0.99,0.95,0.32,0.73,0.418837675,0.71,1,1,1,1,1,1,1,1,1,1,1,1,1,1,1,1
CAMK4,1,1,1,1,1,1,1,0.035734827,1,1,1,1,1,1,1,1,1,0.00639692,1,1,1,1,1,1,0.968911917,1,1,0.81,0.79,1,1,1,0.17,0.81,0.72,1,1,0.016,0.865145228,1,0.96,0.8,0.96,0.899799599,0.98,1,1,1,1,1,1,1,1,1,1,1,1,1,1,1,1
PLK4,1,0.004826052,1,1,1,1,1,0.00815551,1,1,1,1,1,1,1,1,1,0.010484501,1,0.127961406,1,1,1,1,0.85492228,1,0.709273183,0.61,0.74,0.979889392,1,0.98,0.14,0.98,0.9,0.94,1,0.6,0.823651452,1,1,0.79,0.77,0.839679359,0.97,1,1,1,1,1,1,1,1,1,1,1,1,1,1,1,1
PRKG1,1,1,0.004645788,1,1,1,1,1,1,1,0.001367106,1,1,1,1,1,1,0.012682343,1,1,1,1,1,1,0.388601036,0.03,1,1,0.89,1,0.94994995,1,1,1,1,1,1,0.34,0.989626556,0.97,1,0.85,1,0.809619238,0.95,1,1,1,1,1,1,1,1,1,1,1,1,1,1,1,1
PRKCA.B,1,1,0.027230504,1,1,1,1,1,1,1,0.008884922,1,1,1,0.00832084,1,1,0.013715479,1,1,1,1,1,1,1,1,1,1,1,1,1,1,1,1,1,1,1,1,1,1,1,1,1,1,1,1,1,1,1,1,1,1,1,1,1,1,1,1,1,1,1
PRKACA,0.000213482,1,0.006061846,1,1,1,1,1,1,1,1,1,1,1,1,1,1,0.014687873,1,1,1,1,1,1,0.059067358,1,0.989974937,0.96,0.95,0.869281046,1,1,0.88,0.93,0.89,0.73,0.78,0.45,0.885892116,0.8,0.96,0.87,0.83,0.729458918,0.9,1,1,1,1,1,1,1,1,1,1,1,1,1,1,1,1
ABL2,1,1,1,1,1,1,1,0.004773448,4.16E-05,1,1,1,1,1,1,1,1,0.014747326,1,1,1,1,1,1,0.844559585,1,0.939849624,0.95,0.89,0.778783308,0.86986987,0.87,0.58,0.96,0.95,0.88,0.94,0.81,0.958506224,0.87,0.9,0.9,0.84,0.889779559,0.9,1,1,1,1,1,1,1,1,1,1,1,1,1,1,1,1
PRKCD,0.000674466,1,0.044143335,1,1,1,1,1,1,1,0.001135275,1,1,1,0.012477296,1,1,0.015299835,1,0.038810956,1,1,1,1,0.481865285,0.71,0.799498747,0.53,0.91,1,0.91991992,0.97,0.68,0.99,0.92,0.9,0.041,0.49,0.875518672,1,1,0.0015,0.55,0,0.98,1,1,1,1,1,1,1,1,1,1,1,1,1,1,1,1
PKN1,0.000370425,1,0.024772936,1,1,1,0.320889757,1,0.00562779,1,0.00060307,1,1,1,1,1,1,0.018326447,1,0.00652979,0.000889953,1,1,1,0.886010363,1,0.929824561,0.77,0.7,0.849170437,0.92992993,0.81,0.54,0.89,0.98,0.99,0.95,0.41,0.761410788,0.82,0.93,0.61,0.71,0.759519038,1,1,1,1,1,1,1,1,1,1,1,1,1,1,1,1,1
TEC,1,1,1,1,1,1,1,1,0.000656143,1,1,1,1,1,1,1,1,0.019296947,1,1,1,1,1,1,0.865284974,1,0.869674185,0.85,0.83,0.949723479,0.85985986,0.84,0.49,0.88,0.78,0.76,0.9,0.78,0.782157676,0.91,0.81,0.81,0.73,0.829659319,0.74,1,1,1,1,1,1,1,1,1,1,1,1,1,1,1,1
FYN,1,1,1,1,1,1,1,0.012834417,4.34E-05,1,1,1,1,1,1,1,1,0.019369673,1,1,1,1,1,1,1,1,0.979949875,0.99,1,1,1,1,0.54,0.99,0.93,0.95,1,0.26,0.989626556,1,0.94,0.94,1,1,0.95,1,1,1,1,1,1,1,1,1,1,1,1,1,1,1,1
SIK2,1,1,1,1,1,1,1,0.010181933,0.000374546,1,1,1,0.039162318,1,1,1,1,0.019905971,1,1,1,1,1,1,1,1,0.949874687,1,1,1,1,1,0.86,0.97,1,0.9,1,0.81,1,1,1,1,0.94,1,1,1,1,1,1,1,1,1,1,1,1,1,1,1,1,1,1
FLT3,1,0.026470283,1,1,1,1,1,1,1,1,1,1,1,1,1,1,1,0.022663397,1,1,1,1,1,1,1,1,0.929824561,0.98,1,0.899446958,0.97997998,1,0.23,0.87,0.9,0.87,0.95,0.85,0.813278008,0.97,0.88,0.074,0.34,0.719438878,0.96,1,1,1,1,1,1,1,1,1,1,1,1,1,1,1,1
MAP3K11,1,1,0.031413181,1,1,1,0.04660054,0.015876517,1,1,1,1,1,1,1,1,1,0.024514002,1,1,1,1,1,1,0.917098446,1,0.609022556,0.86,1,0.899446958,0.8998999,1,0.82,0.92,0.9,0.98,1,1,0.958506224,0.98,0.86,0.87,0.97,0.93987976,0.79,1,1,1,1,1,1,1,1,1,1,1,1,1,1,1,1
CDKL5,1,1,1,1,1,1,1,1,1,1,1,1,1,1,1,1,1,0.030324748,1,1,1,1,1,1,0.979274611,1,0.819548872,0.0055,0.64,0.627953746,0.7997998,1,1,1,1,0.95,0.95,0.97,0.94813278,0.94,0.99,0.99,0.79,0.93987976,0.77,1,1,1,1,1,1,1,1,1,1,1,1,1,1,1,1
GAK,1,1,1,1,1,1,0.081021952,1,0.002497187,0.426217842,1,1,0.01032898,1,0.034471106,1,1,0.030694998,1,1,1,1,1,1,1,1,0.889724311,0.56,0.58,0.808949221,0.54954955,0.95,0.75,0.94,0.99,0.84,0.95,0.85,0.89626556,0.93,0.68,0.97,0.82,0.909819639,0.96,1,1,1,1,1,1,1,1,1,1,1,1,1,1,1,1
MAPK1.3,1,1,1,1,1,1,1,1,1,0.000329087,1,1,1,1,1,1,1,0.030874209,1,1,1,1,0.002864206,1,1,1,1,0.82,0.73,1,0.002502503,1,0.89,1,0.98,0.94,1,0.94,0.875518672,1,0.99,0.82,0.89,1,1,1,1,1,1,1,1,1,1,1,1,1,1,1,1,1,1
AURKB,1,0.024489861,1,1,1,1,1,1,1,1,1,1,1,1,1,1,1,0.03262645,1,0.018092464,0.008231664,1,1,1,0.647668394,1,0.65914787,0.61,0.5,0.658119658,0.67967968,0.98,0.51,1,1,0.97,1,0.63,0.730290456,0.99,1,0.59,0.52,0.659318637,0.64,1,1,1,1,1,1,1,1,1,1,1,1,1,1,1,1
GSK3A.B,1,1,1,0.000856532,1,1,0.271955654,1,1,0.034352122,0.004306891,1,1,1,0.000194195,1,1,0.032810132,1,1,1,1,1,1,0.989637306,1,0.047619048,0.014,0.96,0.969834087,1,0,0.99,1,0.99,0.98,1,1,1,1,1,0.32,1,0.358717435,1,1,1,1,1,1,1,1,1,1,1,1,0,0,1,1,1
STK3,1,0.013507027,1,1,1,1,1,1,1,1,1,1,1,1,1,1,1,0.034619424,1,1,1,1,1,1,0.989637306,1,1,0.9,0.85,1,1,1,0.18,0.99,0.93,0.96,1,0.34,1,1,1,0.77,0.28,1,0.92,1,1,1,1,1,1,1,1,1,1,1,1,1,1,1,1
BMP2K,1,1,1,0.012973093,1,1,1,1,1,0.046904457,1,1,1,1,0.88080622,1,1,0.039896595,1,1,1,1,1,1,0.844559585,1,0.258145363,0.55,0.93,1,0.53953954,0.06,0.77,0.93,0.99,1,0.75,0.65,0.89626556,1,1,0.66,0.27,0.879759519,0.96,1,1,1,1,1,1,1,1,1,1,1,1,1,1,1,1
CAMKK2,1,1,1,1,1,1,1,1,1,1,1,1,1,1,0.040831444,1,1,0.044974364,1,1,1,1,1,1,0.896373057,1,0.739348371,0.2,0.74,0.969834087,0.88988989,0.92,0.67,0.77,0.87,0.83,0.91,0.7,0.699170124,0.94,0.62,0.77,0.77,0.789579158,0.9,1,1,1,1,1,1,1,1,1,1,1,1,1,1,1,1
AAK1,1,1,1,0.00356929,1,1,1,1,1,0.006290985,1,1,1,1,0.00158503,1,1,0.047789373,1,1,1,1,1,1,0.78238342,1,0.458646617,0.13,0.86,0.889391654,0.65965966,0.33,0.67,0.76,0.87,0.85,0.84,0.65,0.657676349,0.99,0.65,0.64,0.47,0.849699399,0.88,1,1,1,1,1,1,1,1,1,1,1,1,1,1,1,1
CDK16,1,1,1,1,1,1,0.019050098,0.000194494,1,1,1,1,1,1,0.000773834,1,1,0.05323015,1,1,1,1,1,1,0.92746114,1,0.268170426,0.027,0.64,0.648064354,0.68968969,0.41,1,1,1,0.95,0.89,0.79,0.94813278,0.88,0.91,0.75,0.8,0.659318637,0.83,1,1,1,1,1,1,1,1,1,1,1,1,1,1,1,1
STK4,1,0.013526543,1,1,1,1,1,1,1,1,1,1,1,1,1,1,1,0.067891032,1,1,1,1,1,1,1,1,1,1,0.71,0.969834087,1,1,0.23,1,0.96,0.89,0.92,1,0.118257261,0.96,0.85,0.91,0.48,1,0.94,1,1,1,1,1,1,1,1,1,1,1,1,1,1,1,1
STK16,1,1,1,1,1,1,1,1,1,1,1,1,1,1,0.00777126,1,1,0.08559694,1,1,1,1,1,1,0.823834197,1,0.248120301,0.055,0.83,1,0.73973974,0.78,0.12,0.91,0.93,0.95,0.96,0.38,0.813278008,0.98,0.86,0.03,0.86,0.809619238,0.96,1,1,1,1,1,1,1,1,1,1,1,1,1,1,1,1
YES1,1,1,1,1,1,1,1,1,4.29E-05,1,1,1,1,1,1,1,1,0.087347357,1,1,1,1,1,1,0.875647668,1,0.939849624,0.86,0.83,0.728506787,0.88988989,0.97,0.61,0.89,0.85,0.87,0.89,0.51,0.834024896,0.93,0.88,0.83,0.75,0.889779559,0.93,1,1,1,1,1,1,1,1,1,1,1,1,1,1,1,1
PRKCI,1,1,1,1,1,1,1,1,1,1,0.031136674,1,1,1,1,1,1,0.430522086,1,1,1,1,1,1,0.772020725,1,0.879699248,0.86,0.86,0.969834087,0.91991992,0.95,0.82,1,0.99,0.93,0.93,0.54,0.802904564,1,1,0.79,0.85,0.809619238,1,1,1,1,1,1,1,1,1,1,1,1,1,1,1,1,1
RPS6KA5,1,1,1,1,1,1,1,1,1,1,1,1,1,1,1,1,1,0.47090682,1,1,1,1,1,1,1,1,0.989974937,0.64,0.9,0.979889392,0.98998999,0.98,0.35,0.85,0.95,0.88,1,0.91,0.68879668,0.93,0.49,0.73,0.88,0.919839679,1,1,1,1,1,1,1,1,1,1,1,1,1,1,1,1,1
PRKCE,1,1,1,1,1,1,1,1,1,1,1,1,1,1,1,1,1,1,1,1,1,1,1,1,0.875647668,1,0.84962406,0.17,0.89,0.688285571,0.84984985,1,0.96,1,1,1,0.87,0,0.937759336,0.97,1,0,0.83,0.012024048,1,1,1,1,1,1,1,1,1,1,1,1,1,1,1,1,1
GRK1,1,1,1,1,1,1,1,1,1,1,1,1,1,1,1,1,1,1,1,1,1,1,1,1,0.616580311,1,0.869674185,0.78,0.41,0.698340875,0.73973974,1,0.45,1,1,0.97,0.93,0.0085,0.813278008,0.97,0.91,0.51,0.7,0.789579158,0.78,1,1,1,1,1,1,1,1,1,1,1,1,1,1,1,1
PAK7,1,1,1,1,1,1,1,1,1,1,1,1,1,1,1,1,1,1,1,1,1,1,1,1,0.896373057,1,0.919799499,0.93,0.86,0.959778783,0.82982983,0.83,0.48,0.85,0.96,0.78,1,0.016,0.68879668,0.97,0.72,0.93,0.9,1,0.78,1,1,1,1,1,1,1,0,1,1,1,1,1,1,1,1
GRK7,1,1,1,1,1,1,1,1,1,1,1,1,1,1,1,1,1,1,1,1,1,1,1,1,0.544041451,1,0.919799499,0.72,0.14,1,1,1,0.27,0.96,0.77,0.78,1,0.059,0.94813278,1,0.9,0.35,0.55,0.759519038,0.94,1,1,1,1,1,1,1,1,1,1,1,1,1,1,1,1
NTRK1.2.3,1,1,1,1,1,1,1,1,1,1,1,1,1,1,1,1,1,1,1,1,1,1,1,1,0.658031088,1,0.679197995,0.5,0.55,0.688285571,0.78978979,1,0.005,1,1,1,1,0.065,0.968879668,0.97,0.99,0.74,0.062,0.749498998,0.64,1,1,1,1,1,1,1,1,1,1,1,1,1,1,1,1
RPS6KA2,1,1,1,1,1,1,1,1,1,1,1,1,1,1,1,1,1,1,1,1,1,1,1,1,0.886010363,0.62,0.789473684,0.72,0.84,0.849170437,1,0.87,0.87,0.88,0.72,0.98,0.93,0.066,0.802904564,0.93,0.96,0.34,0.82,0.619238477,0.97,1,1,1,1,1,1,1,1,1,1,1,1,1,1,1,1
CLK2,1,1,1,1,1,1,1,1,1,1,1,1,1,1,1,1,1,1,1,1,1,1,1,1,0.316062176,1,0.649122807,0.05,0.065,0.808949221,0.85985986,0.7,0.75,0.84,0.88,0.85,1,0.072,0.7406639,0.9,0.73,0.33,0.64,0.408817635,0.87,1,1,1,1,1,1,1,1,1,1,1,1,1,1,1,1
PAK1,1,1,1,1,1,1,1,1,1,1,1,1,1,1,1,1,1,1,1,1,1,1,1,1,0.865284974,1,0.829573935,0.73,0.92,0.979889392,0.93993994,0.91,0.81,0.86,0.81,0.99,1,0.086,0.79253112,1,0.97,0.75,0.84,0.769539078,1,1,1,1,1,1,1,1,0,1,1,1,1,1,1,1,1
LATS2,1,1,1,1,1,1,1,1,1,1,1,1,1,1,1,1,1,1,1,1,1,1,1,1,0.077720207,1,0.739348371,0.63,0.82,0.869281046,0.75975976,1,0.8,0.98,0.9,0.48,0.7,0.21,0.751037344,1,0.97,0.59,0.49,0.639278557,0,1,1,1,1,1,1,1,1,1,1,1,1,1,1,1,1
DCLK3,1,1,1,1,1,1,1,1,1,1,1,1,1,1,1,1,1,1,1,1,1,1,1,1,1,1,1,0.4,0.8,1,1,1,0.27,0.86,0.93,1,1,0.25,0.782157676,1,1,0.81,1,0.869739479,1,1,1,1,1,1,1,1,1,1,1,1,1,1,1,1,1
PRKX,1,1,1,1,1,1,1,1,1,1,1,1,1,1,1,1,1,1,1,1,1,1,1,1,0.18134715,1,0.979949875,1,0.94,0.919557567,0.95995996,0.97,0.85,0.97,0.99,0.95,1,0.25,0.585062241,1,0.9,0.86,1,0.98997996,0.93,1,1,1,1,1,1,1,1,1,1,1,1,1,1,1,1
FGR,1,1,1,1,1,1,1,0.024336274,6.38E-05,1,1,1,1,1,1,1,1,1,1,1,1,1,1,1,1,1,0.889724311,0.72,0.74,1,1,1,0.6,0.9,0.83,0.91,1,0.33,0.865145228,1,0.95,0.83,0.84,0.869739479,0.93,1,1,1,1,1,1,1,1,1,1,1,1,1,1,1,1
CAMK2A,1,1,1,1,1,1,1,1,1,1,1,1,1,1,1,1,1,1,1,1,1,1,1,1,0.772020725,1,0.859649123,0.021,0.6,0.839115133,0.8998999,0.72,0.68,0.83,0.94,0.91,0.94,0.36,0.709543568,0.89,0.81,0.69,0.56,0.719438878,0.87,1,1,1,1,1,1,1,1,1,1,1,1,1,1,1,1
ULK1,1,1,1,1,1,1,0.057562164,0.002942716,1,1,1,1,1,1,1,1,1,1,1,1,1,1,1,1,1,1,1,0.9,0.78,0.939668175,1,1,1,1,1,1,1,0.37,1,1,1,0.99,0.97,1,0.98,1,1,1,1,1,1,1,1,1,1,1,1,1,1,1,1
AKT3,1,1,1,1,1,1,1,1,1,1,0.018416442,1,1,1,1,0.003328904,1,1,1,1,1,1,1,1,0.212435233,0,0.769423559,0.7,0.69,0.899446958,0.87987988,0.81,0.99,0.7,0.68,0.81,0.74,0.42,0.79253112,0.81,0.81,0.52,0.87,0.358717435,0.72,1,1,1,1,1,1,1,1,1,1,1,1,1,1,1,1
DAPK2.3,1,1,1,1,1,1,1,1,1,1,1,1,1,1,1,1,1,1,1,1,1,1,1,1,0.813471503,1,0.939849624,0.45,0.029,0.597787833,1,0.75,0.8,0.85,0.85,0.88,1,0.45,0.657676349,0.99,0.69,0.73,0.78,0.749498998,0.63,1,1,1,1,1,1,1,1,1,1,1,1,1,1,1,1
MAPK12,1,1,1,1,1,1,1,1,1,1,1,1,1,1,1,1,1,1,1,1,1,1,1,1,0.32642487,1,0.578947368,0.47,0.5,0.7586727,0.71971972,0.77,0.59,0.55,0.76,0.49,0.75,0.46,0.387966805,1,0.75,0.49,0.38,0.639278557,0.57,1,1,1,1,1,1,1,1,1,1,1,1,1,1,1,1
MAP2K3,1,1,1,1,1,1,1,1,1,1,1,1,1,1,1,1,1,1,1,0.048391571,1,1,1,1,0.170984456,1,0.097744361,0.16,0.61,0.678230266,0.309309309,1,0.92,1,0.95,0.88,0.95,0.48,0.802904564,0.95,0.87,0.68,0.15,0.709418838,0.7,1,1,1,1,1,1,1,1,1,1,1,1,1,1,1,1
MAP3K3,1,1,1,1,1,1,1,1,1,1,1,1,1,1,1,1,1,1,1,1,1,1,1,1,0.823834197,1,0.729323308,0.88,0.97,0.959778783,1,0.84,0.048,0.82,0.94,0.98,1,0.48,0.834024896,0.95,0.91,0.66,0.53,0.328657315,0.9,1,1,1,1,1,1,1,1,1,1,1,1,1,1,1,1
HCK,1,1,1,1,1,1,1,1,0.000437706,1,1,1,1,1,1,1,1,1,1,1,1,1,1,1,1,1,1,0.84,0.62,0.989944696,1,1,0.47,0.94,0.92,0.83,0.99,0.49,0.958506224,1,0.86,0.97,0.9,0.879759519,0.98,1,1,1,1,1,1,1,1,1,1,1,1,1,1,1,1
MAPK15,1,1,1,1,1,1,1,1,1,1,1,1,1,1,1,1,1,1,1,1,1,1,1,1,0.92746114,1,0.002506266,0.003,0.0075,0.979889392,0.249249249,0.13,0.95,0.97,0.75,0.92,0.89,0.49,0.937759336,0.99,0.9,0.11,0.19,0.719438878,0.11,1,1,1,1,1,1,1,1,1,1,1,1,1,1,1,1
MAST1,1,1,1,1,1,1,1,1,1,1,1,1,1,1,1,1,1,1,1,1,1,1,1,1,0.699481865,1,0.789473684,0,0.26,0.436902966,0.71971972,1,0.82,1,1,0.79,0.9,0.52,0.927385892,0.85,0.84,0.81,0.55,1,0.75,1,1,1,1,1,1,1,1,1,1,1,1,1,1,1,1
PAK2,1,1,1,1,1,1,1,1,1,1,1,1,1,1,1,1,1,1,1,1,1,1,1,1,0.92746114,1,0.819548872,0.32,0.61,1,0.92992993,1,0.98,0.91,0.87,0.96,1,0.53,0.89626556,1,0.98,0.38,0.74,0.569138277,0.98,1,1,1,1,1,1,1,0,1,1,1,1,1,1,1,1
ABL1,1,1,1,1,1,1,1,0.024278187,5.82E-05,1,1,1,1,1,1,1,1,1,1,1,1,1,1,1,0.699481865,1,0.729323308,0.72,0.67,0.537456008,0.87987988,0.84,0.58,0.92,0.88,0.86,0.96,0.54,0.605809129,0.012,0.97,0.61,0.64,0.689378758,0.85,1,1,1,1,1,1,1,1,1,1,1,1,1,1,1,1
MAP2K2,1,1,1,1,1,1,1,1,0.052965075,1,1,1,1,1,1,1,1,1,1,1,1,0.000119321,1,1,0.440414508,1,0.588972431,0.7,0.62,0.728506787,0.77977978,0.7,0.81,0.84,0.001,0.8,0.92,0.54,0.668049793,1,0.96,0.66,0.59,0.478957916,0.8,1,1,1,1,1,1,1,1,1,1,1,1,1,0,1,1
PAK3,1,1,1,1,1,1,1,1,1,1,1,1,1,1,1,1,1,1,1,1,1,1,1,1,0.92746114,0.37,1,0.85,0.55,0.959778783,1,0.94,0.67,0.96,0.73,0.75,0.81,0.58,1,0.98,0.67,0.73,1,0.859719439,0.78,1,1,1,1,1,1,1,0,1,1,1,1,1,1,1,1
HIPK2,1,1,1,1,1,1,1,1,1,1,1,1,1,1,1,1,1,1,1,1,1,1,1,1,0.720207254,1,0.609022556,0,0.011,0.788838612,0.70970971,1,1,1,1,1,0.96,0.61,0.917012448,0.87,0.79,0.48,0.32,0.789579158,0.68,1,1,1,1,1,1,1,1,1,1,1,1,1,1,1,1
TTK,1,1,1,1,1,1,1,1,1,1,1,1,1,1,1,1,1,1,1,1,1,1,1,1,0.792746114,1,0.65914787,0.34,0.8,1,1,0.85,0.81,0.81,0.9,0.15,1,0.63,0.719917012,0.99,0.97,0.83,0.72,0.739478958,0.95,1,1,1,1,1,1,1,1,1,1,1,1,1,1,1,1
JAK1,1,1,1,1,1,1,1,1,1,1,1,1,1,1,1,1,1,1,1,1,1,1,1,1,0.834196891,1,0.117794486,1,0.92,1,0.94994995,1,0,1,1,1,1,0.64,0.657676349,0.98,1,0.7,0.46,0.679358717,1,1,1,1,1,1,1,1,1,1,1,1,1,1,1,1,1
MAP2K5,1,1,1,1,1,1,1,0.036051426,0.022501257,1,1,1,1,1,1,1,1,1,1,1,1,1,1,0.011522903,0.70984456,1,0.498746867,0.68,0.39,0.648064354,0.54954955,1,1,0.95,0.99,0.96,0.91,0.64,0.906639004,0.99,0.78,0.66,0.55,0.689378758,0.68,1,1,1,1,1,1,1,1,1,1,1,1,1,1,1,1
MAP2K1,1,1,1,1,1,1,1,1,1,1,1,1,1,1,1,1,1,1,1,1,1,0.000960141,1,1,0.502590674,1,0.619047619,0.7,0.57,0.658119658,0.77977978,0.91,1,1,0,0.83,0.99,0.65,0.751037344,0.97,0.97,0.7,0.67,0.599198397,0.68,1,1,1,1,1,1,1,1,1,1,1,1,1,0,1,1
MAP3K15,1,1,1,1,1,1,1,1,1,1,1,1,1,1,1,1,1,1,1,1,1,1,1,1,0.689119171,1,0.989974937,0.31,0.44,0.788838612,0.58958959,1,1,1,1,0.77,1,0.65,0.802904564,0.97,0.91,0.88,0.48,0.879759519,0.67,1,1,1,1,1,1,1,1,1,1,1,1,1,1,1,1
HIPK4,1,1,1,1,1,1,1,1,1,1,1,1,1,1,1,1,1,1,1,1,1,1,1,1,1,1,1,0.59,0.18,1,0.219219219,1,0.99,1,0.99,1,0.98,0.66,0.989626556,1,1,1,0.93,1,1,1,1,1,1,1,1,1,1,1,1,1,1,1,1,1,1
MINK1,1,1,1,1,1,1,1,1,1,1,1,1,1,1,1,1,1,1,1,1,1,1,1,1,0.751295337,1,0.689223058,0.44,0.67,0.7586727,0.6996997,0.99,0.99,0.96,1,0.87,0.97,0.67,0.730290456,1,1,0.63,0.23,0.629258517,0.75,1,1,1,1,1,1,1,1,1,1,1,1,1,1,1,1
CSNK2A2,1,0.062173481,1,0.029573111,1,1,3.17E-07,1,1,1,1,1,1,1,0.000287741,1,1,1,1,1,1,1,1,1,0.803108808,1,0.20802005,0.003,0,0.889391654,1,0.99,0.88,0.91,0.91,0.93,1,0.68,0.79253112,1,0.98,0.69,0.67,0.759519038,0.86,1,1,1,1,1,1,1,1,1,1,1,1,1,1,1,1
MAP3K14,1,1,1,1,1,1,1,1,1,1,1,1,1,1,1,1,1,1,1,1,1,1,1,1,0.886010363,1,0.378446115,0.72,0.89,0.436902966,0.55955956,1,1,1,1,1,0.8,0.68,0.854771784,0.78,0.77,0.97,0.61,1,0.58,1,1,1,1,1,1,1,1,1,1,1,1,1,1,1,1
CSNK1A1,1,1,1,0.050886836,1,1,1,1,1,1,1,1,1,1,1,1,1,1,1,1,1,1,1,1,0.906735751,1,0.759398496,0.64,0.54,1,1,0.93,0.94,0.97,0.86,0.85,1,0.69,0.94813278,1,0.96,0.75,0.79,1,0.93,1,1,1,1,1,1,1,1,1,1,1,1,1,1,1,1
JAK2,1,1,1,1,1,1,1,0.050657845,1,1,1,1,1,1,1,1,1,1,1,1,1,1,1,1,0.347150259,1,0.308270677,0.73,0.53,0.718451483,0.51951952,0.94,0,1,1,0.76,0.92,0.69,0.802904564,0.83,0.88,0.75,0.13,0.699398798,0.69,1,1,1,1,1,1,1,1,1,1,1,1,1,1,1,1
TYK2,1,1,1,1,1,1,0.037427134,1,0.022005502,1,1,1,1,1,1,1,1,1,1,1,1,1,1,1,0.70984456,1,0.228070175,0.89,0.4,0.718451483,0.6996997,1,0,1,1,0.91,1,0.7,0.823651452,0.94,0.98,0.84,0.13,0.779559118,0.71,1,1,1,1,1,1,1,1,1,1,1,1,1,1,1,1
MAP3K2,1,1,1,1,1,1,1,1,0.03300265,1,1,1,1,1,1,1,1,1,1,1,1,1,1,1,0.906735751,1,0.869674185,0.91,0.77,0.819004525,0.76976977,1,0.026,1,1,0.98,0.61,0.73,0.917012448,1,0.96,0.042,0.52,0.929859719,0.81,1,1,1,1,1,1,1,1,1,1,1,1,1,1,1,1
CDK4,1,1,1,1,1,1,1,0.001968608,1,1,1,1,1,1,0.001502045,1,1,1,1,1,1,1,1,1,0.896373057,1,0.127819549,0.0075,0.95,0.859225742,0.85985986,0.76,0.86,0.97,0.89,0.76,0.95,0.74,0.823651452,0.76,0.85,0.64,0.7,0.809619238,0.96,1,1,1,1,1,1,1,1,1,1,1,1,1,1,1,1
MAPK9,1,1,1,0.029820655,1,1,1,1,1,1,1,1,1,1,1,1,1,1,1,1,1,1,1,1,0.989637306,1,0.20802005,0.41,0.65,0.617898441,0.55955956,1,1,0.001,1,0.56,0.88,0.74,0.84439834,0.73,0.89,0.7,0.64,0.519038076,0.7,1,1,1,1,1,1,1,1,1,1,1,1,1,1,1,1
PRKG2,1,1,1,1,1,1,1,1,1,1,1,1,1,1,1,1,1,1,1,1,1,1,1,1,0.430051813,0.03,0.749373434,0.74,0.78,0.748617396,0.73973974,0.99,0.99,1,1,1,0.99,0.74,0.875518672,1,1,0.18,0.88,0.799599198,0.79,1,1,1,1,1,1,1,1,1,1,1,1,1,1,1,1
PIK3C2G,1,1,1,1,1,1,1,1,1,1,1,1,1,1,1,1,1,1,1,1,1,1,1,1,0.419689119,1,0.629072682,0.79,0.73,0.889391654,0.78978979,0.74,0.65,0.81,0.82,0.8,0.99,0.75,0.605809129,0.49,0.17,0.7,0.67,0.619238477,0.7,1,1,1,1,1,1,1,1,1,1,1,1,1,1,1,1
HIPK3,1,1,1,1,1,1,1,1,1,1,1,1,1,1,1,1,1,1,1,1,1,1,1,1,0.751295337,1,0.739348371,0.012,0.033,0.829059829,0.75975976,1,1,1,1,0.83,1,0.76,1,0.88,0.92,0.59,0.28,0.003006012,0.72,1,1,1,1,1,1,1,1,1,1,1,1,1,1,1,1
JAK3,1,1,1,1,1,1,1,1,1,1,1,1,1,1,1,1,1,1,1,1,1,1,1,1,0.316062176,1,0.268170426,0.33,0.56,0.969834087,0.71971972,0.83,0,0.84,0.88,0.91,0.97,0.76,0.823651452,0.91,0.97,0.27,0.12,0.579158317,1,1,1,1,1,1,1,1,1,1,1,1,1,1,1,1,1
ROCK1.2,0.000401691,1,0.011083664,1,1,1,1,1,1,1,0.042058561,1,1,1,1,1,1,1,1,0.000510422,1,1,1,1,0.067357513,1,0.909774436,0.36,0.73,0.658119658,0.74974975,1,1,1,1,1,1,0.76,0.906639004,0.99,0.97,0.76,0.72,0.829659319,0.78,1,1,1,1,1,1,1,1,1,1,1,1,1,1,0,0
MTOR,1,1,1,1,1,1,1,1,1,1,1,1,1,1,1,1,1,1,1,1,1,1,1,1,0.85492228,1,0.498746867,0.79,0.83,0.7586727,0.82982983,0.73,0.78,0.93,0.9,0,0.91,0.77,0.906639004,0.45,0.73,0.93,0.8,0.839679359,0.8,1,1,1,1,1,1,1,1,0,0,1,1,1,1,1,1
PIK3CA,1,1,1,1,1,1,1,1,1,1,1,1,1,1,1,1,1,1,1,1,1,1,1,1,0.85492228,1,0.779448622,0.93,0.77,0.969834087,0.87987988,0.95,0.91,0.99,0.95,0.15,0.94,0.77,0.699170124,0.006,0.0065,0.68,0.77,0.719438878,0.96,1,1,0,0,1,1,1,1,1,1,1,1,1,1,1,1
PDGFRB,1,1,1,1,1,1,1,1,0.004581339,0.062674868,1,1,1,1,1,1,1,1,1,1,1,1,1,1,0.585492228,1,0.829573935,0.86,0.68,0.959778783,0.60960961,1,0.7,0.85,0.93,0.9,0.99,0.79,0.927385892,0.96,0.91,0.68,0.62,0.819639279,0.61,1,1,1,1,1,1,1,1,1,1,1,1,1,1,1,1
PIM3,1,1,1,1,1,1,1,1,1,1,1,1,1,1,1,1,1,1,1,1,1,1,1,1,0.813471503,1,0.859649123,0.032,0.37,0.989944696,0.95995996,0.91,0.87,0.79,0.81,0.93,1,0.8,0.761410788,0.99,0.93,0.15,0.49,0.478957916,0.97,1,1,1,1,1,1,1,1,1,1,1,1,1,1,1,1
SRPK1,1,1,1,1,1,1,1,1,1,1,1,1,1,1,1,1,1,1,1,1,1,1,1,1,0.875647668,1,0.528822055,0.72,0.9,0.819004525,0.81981982,0.34,0.74,0.94,1,1,0.94,0.83,0.875518672,1,1,0.64,0.38,0.739478958,0.91,1,1,1,1,1,1,1,1,1,1,1,1,1,1,1,1
DYRK2,1,1,1,1,1,1,1,1,1,1,1,1,1,1,1,1,1,1,1,1,1,1,1,1,0.689119171,1,0.598997494,0.004,0.13,0.648064354,0.7997998,1,1,0.048,0.98,0.96,0.99,0.84,0.782157676,1,0.94,0.75,0.59,0.749498998,0.85,1,1,1,1,1,1,1,1,1,1,1,1,1,1,1,1
EPHB3,1,1,1,1,1,1,1,1,0.000435641,1,1,1,1,1,1,1,1,1,1,1,1,1,1,1,1,1,0.959899749,0.79,0.78,1,1,0.066,0.98,1,0.94,0.95,1,0.84,0.979253112,1,0.98,0.9,0.9,0.96993988,0.99,1,1,1,1,1,1,1,1,1,1,1,1,1,1,1,1
PIK3C3,1,1,1,1,1,1,1,1,1,1,1,1,1,1,1,1,1,1,1,1,1,1,1,1,1,1,0.023558897,0.31,0.58,0.899446958,0.61961962,1,1,1,0.91,0.88,0.8,0.85,0.906639004,0.84,0.011,0.8,0.56,0.849699399,0.84,1,1,1,1,1,1,1,1,1,1,1,1,1,1,1,1
PIK3CG,1,1,1,1,1,1,1,1,1,1,1,1,1,1,1,1,1,1,1,1,1,1,1,1,0.720207254,1,0.348370927,0.71,0.58,0.909502262,0.84984985,0.95,0.94,1,1,0.95,1,0.85,0.771784232,0.27,0,0.82,0.5,0.779559118,0.92,1,1,1,1,1,1,1,1,1,1,1,1,1,1,1,1
SRPK3,1,1,1,1,1,1,1,1,1,1,1,1,1,1,1,1,1,1,1,1,1,1,1,1,0.948186528,1,0.65914787,0.54,0.61,0.778783308,0.81981982,0.43,0.72,0.87,0.76,0,0.95,0.85,0.79253112,0.86,0.73,0.71,0.67,0.929859719,0.79,1,1,1,1,1,1,1,1,1,1,1,1,1,1,1,1
KIAA0999,1,1,1,1,1,1,1,1,1,1,1,1,1,1,1,1,1,1,1,1,1,1,1,1,0.585492228,1,0.609022556,0.45,0.51,0.537456008,0.489489489,0.95,1,0.87,0.83,0.76,0.72,0.86,0.84439834,0.75,0.69,0.86,0.66,0.739478958,0.52,1,1,1,1,1,1,1,1,1,1,1,1,1,1,1,1
FES,1,1,1,1,1,1,1,1,1,1,1,1,1,1,1,1,1,1,1,1,1,1,1,1,0.937823834,0.43,1,0.83,0.77,1,1,1,0.85,0.98,0.9,0.94,1,0.87,0.89626556,1,0.88,0.9,0.89,0.919839679,0.96,1,1,1,1,1,1,1,1,1,1,1,1,1,1,1,1
ICK,1,1,1,1,1,1,0.013880903,1,1,1,1,1,1,1,0.000822921,1,1,1,1,1,1,1,1,1,0.948186528,1,0.177944862,0.11,0.29,0.658119658,0.58958959,0.96,1,1,1,0.95,1,0.87,1,0.97,0.83,0.29,0.73,0.889779559,0.59,1,1,1,1,1,1,1,1,1,1,1,1,1,1,1,1
MET,1,1,1,1,1,1,1,1,1,0.005919981,1,2.33E-05,1,1,1,1,1,1,1,1,1,1,1,1,0.896373057,1,0.84962406,0.38,0.86,0.678230266,0.67967968,0.93,0.98,0.84,1,0.85,0.94,0.87,0.927385892,1,0.98,0.78,0.75,0.859719439,1,1,1,1,1,1,1,1,1,1,1,1,1,1,1,1,1
CSNK1E,1,1,1,1,1,1,1,1,0.039220939,1,1,1,1,1,1,1,1,1,1,1,1,1,1,1,0.917098446,1,0.328320802,0.89,1,1,0.96996997,1,0.96,0.83,0.98,0.96,0.99,0.89,0.917012448,0.92,0.89,0.92,0.96,0.929859719,0.76,1,1,1,1,1,1,1,1,1,1,1,1,1,1,1,1
ERN1,1,1,1,1,1,1,1,0.022826681,1,1,1,1,1,1,1,1,1,1,1,1,1,1,1,1,0.886010363,1,0.719298246,0.39,0.58,0.788838612,0.81981982,1,1,1,1,1,0.96,0.9,1,0.98,1,0.91,0.8,0.809619238,1,1,1,1,1,1,1,1,1,1,1,1,1,1,1,1,1
MAP4K5,1,1,1,1,1,1,1,1,0.014999014,1,1,1,1,1,1,1,1,1,1,1,1,1,1,0.028284973,1,1,0.949874687,0.91,0.84,0.969834087,1,1,0.93,0.83,0.95,0.91,0.98,0.9,0.834024896,0.99,0.92,0.95,0.56,0.909819639,0.89,1,1,1,1,1,1,1,1,1,1,1,1,1,1,1,1
PKN2,0.000133098,1,1,1,1,1,1,1,1,1,0.014012415,1,1,1,1,1,1,1,1,0.00447048,1,1,1,1,0.948186528,1,0.558897243,0.48,0.91,1,1,0.87,0.9,0.97,0.92,0.98,1,0.9,0.937759336,1,1,0.59,0.39,0.789579158,0.93,1,1,1,1,1,1,1,1,1,1,1,1,1,1,1,1
PIK3C2B,1,1,1,1,1,1,1,1,1,1,1,1,1,1,1,1,1,1,1,1,1,1,1,1,0.761658031,1,0.80952381,0.83,0.94,1,0.7997998,0.98,0.82,1,0.97,0.98,0.96,0.91,0.782157676,0.61,0.23,0.76,0.89,0.879759519,0.89,1,1,1,1,1,1,1,1,1,1,1,1,1,1,1,1
MAP3K10,1,1,1,1,1,1,1,1,1,1,1,1,1,1,1,1,1,1,1,1,1,1,1,1,0.430051813,1,0.779448622,0.79,0.65,1,0.80980981,0.91,0.91,0.94,0.83,0.64,0.98,0.92,0.885892116,1,0.94,0.8,0.38,0.649298597,0.86,1,1,1,1,1,1,1,1,1,1,1,1,1,1,1,1
STK17A,1,1,1,1,1,1,1,1,1,1,1,1,1,1,1,1,1,1,1,1,1,1,1,1,0.968911917,1,0.458646617,0.45,0.44,0.889391654,0.88988989,0.95,0.94,0.55,1,1,1,0.92,0.439834025,1,0.99,0.95,0.88,0.919839679,0.97,1,1,1,1,1,1,1,1,1,1,1,1,1,1,1,1
PIK3CD,1,1,1,1,1,1,1,1,1,1,1,1,1,1,1,1,1,1,1,1,1,1,1,1,0.388601036,1,0.759398496,0.87,0.95,1,1,1,0.85,0.86,1,0.38,1,0.93,0.782157676,0.083,0,0.8,0.76,0.699398798,0.89,1,0,0,1,0,1,1,1,1,1,1,1,1,1,1,1
PIKFYVE,1,1,1,1,1,1,1,1,1,1,1,1,1,1,1,1,1,1,1,1,1,1,1,1,0.813471503,1,0.568922306,0.13,0.46,0.678230266,0.71971972,0.94,1,0.85,0.88,0.83,0.91,0.93,0.834024896,0.23,0.72,0.85,0.69,0.729458918,0.82,1,1,1,1,1,1,1,1,1,1,1,1,1,1,1,1
EGFR,1,1,1,1,1,1,1,1,0.029549716,1,1,1,1,1,1,1,1,1,1,1,1,1,1,1,0.937823834,1,0.859649123,0.91,0.87,0,1,0.91,0.95,0.95,0.87,0.88,0.92,0.94,0.89626556,0.99,0.92,0.85,0.65,0.879759519,1,1,1,1,1,1,1,1,1,1,1,1,1,1,1,1,1
NEK10,1,1,1,1,1,1,1,1,1,1,1,1,1,1,1,1,1,1,1,1,1,1,1,1,1,1,0.288220551,0.028,0.003,0.738562092,0.67967968,1,1,1,1,1,0.8,0.94,1,0.96,0.98,0.81,0.71,0.619238477,0.82,1,1,1,1,1,1,1,1,1,1,1,1,1,1,1,1
CDK5,1,1,1,0.009835126,1,1,0.008071894,0.016778986,1,1,1,1,1,1,1,1,1,1,1,1,1,1,1,1,0.979274611,0.59,0.609022556,0.77,0.55,1,1,0.97,0.88,1,0.95,0.92,1,0.95,0.79253112,1,0.98,0.83,0.83,1,1,1,1,1,1,1,1,1,1,1,1,1,1,1,1,1,1
MAP3K1,1,1,1,1,1,1,1,1,0.019843486,1,1,1,0.196067633,1,1,1,1,1,1,1,1,1,1,1,0.813471503,1,0.979949875,0.79,0.67,0.909502262,0.96996997,1,1,1,1,1,1,0.95,1,1,1,0.94,0.72,1,0.83,1,1,1,1,1,1,1,1,1,1,1,1,1,1,1,1
CIT,1,1,1,1,1,1,1,1,1,1,0.012450342,1,1,1,0.012534142,1,1,1,1,1,1,1,1,1,0.699481865,1,0.819548872,0.073,0.93,0.778783308,0.95995996,0.69,0.89,0.77,0.91,0.85,1,0.96,0.595435685,0.92,1,0.96,0.79,0.97995992,0.81,1,1,1,1,1,1,1,1,1,1,1,1,1,1,1,1
MAP4K4,1,1,1,1,1,1,1,1,0.060836838,1,1,1,1,1,0.020759066,1,1,1,1,1,1,1,1,1,1,1,0.969924812,0.88,0.87,1,1,1,1,0.84,0.99,0.97,0.96,0.96,0.94813278,0.98,0.94,1,0.7,0.889779559,0.94,1,1,1,1,1,1,1,1,1,1,1,1,1,1,1,1
MKNK2,1,1,1,1,1,1,1,1,1,1,1,1,1,1,1,1,1,1,1,1,1,1,1,1,1,1,1,0.99,0.78,0.648064354,0.499499499,1,1,0.78,1,0.047,0.82,0.96,1,0.88,0.99,1,0.49,0.619238477,0.83,1,1,1,1,1,1,1,1,1,1,1,1,1,1,1,1
MAPK11,1,1,1,1,1,1,1,1,1,1,1,1,1,1,1,1,1,1,0.00158941,1,1,1,1,1,0.989637306,1,0.959899749,1,1,1,1,0.95,0.99,0.99,1,1,1,0.98,0.927385892,1,1,0.98,0.99,0.96993988,0.99,1,1,1,1,1,1,1,1,1,1,1,1,1,1,1,1
TNK2,1,0.008081991,1,1,1,1,1,1,0.00040324,1,1,1,1,1,1,1,1,1,1,1,1,1,1,1,0.958549223,1,0.939849624,0.91,0.91,0.839115133,0.87987988,0.97,0.17,0.91,0.9,0.92,0.91,0.98,0.917012448,0.92,0.85,0.9,0.82,0.929859719,0.97,1,1,1,1,1,1,1,1,1,1,1,1,1,1,1,1
CDK19,1,1,1,1,1,1,1,1,1,1,1,1,1,1,1,1,1,1,1,1,1,1,1,1,0.937823834,1,0.949874687,1,0.94,1,1,1,0.72,0.84,0.95,0.96,0.37,0.99,0.854771784,1,0.66,0.9,0.83,0.929859719,0.92,1,1,1,1,1,1,1,1,1,1,1,1,1,1,1,1
EIF2AK1,1,1,1,1,1,1,0.026096518,0.014909409,1,1,1,1,1,1,0.076001094,1,1,1,1,1,1,1,1,1,0.92746114,1,0.969924812,0.91,1,0.87933635,0.93993994,0.96,0.91,0.98,1,1,0.9,0.99,0.979253112,0.97,0.95,0.92,1,1,0.87,1,1,1,1,1,1,1,1,1,1,1,1,1,1,1,1
STK17B,1,1,1,1,1,1,1,1,1,1,1,1,1,1,1,1,1,1,1,1,1,1,1,1,1,1,0.769423559,0.72,0.086,0.949723479,0.95995996,1,0.95,0.79,1,1,1,0.99,0.315352697,0.97,1,1,1,1,1,1,1,1,1,1,1,1,1,1,1,1,1,1,1,1,1
TGFBR2,1,1,1,1,1,1,1,0.039818209,0.049040201,1,1,1,1,1,1,1,1,1,1,1,1,1,1,0.053371298,0.917098446,1,0.318295739,0.99,0.56,1,1,1,0.78,0.68,0.84,1,1,0.99,0.802904564,1,1,0.98,1,0.819639279,1,1,1,1,1,1,1,1,1,1,1,1,1,1,1,1,1
ADCK1,1,1,1,1,1,1,1,1,1,1,1,1,1,1,0.000610032,1,1,1,1,1,1,1,1,1,1,1,1,1,1,1,1,1,1,1,1,1,1,1,1,1,1,1,1,1,1,1,1,1,1,1,1,1,1,1,1,1,1,1,1,1,1
AKT1.2,1,1,0.061023893,1,1,1,1,1,1,1,0.008697298,1,1,1,1,0.000151987,1,1,1,1,1,1,1,1,0.031088083,0.07,1,1,1,0.939668175,1,0.96,1,1,1,1,1,1,1,1,1,1,0.92,0.93987976,0.81,1,1,1,1,1,1,1,1,1,1,1,1,1,1,1,1
ARAF,1,1,1,1,1,1,1,0.000727911,1,1,1,1,1,1,1,1,1,1,1,1,1,1,1,0.033594328,1,1,1,1,1,1,1,1,1,1,1,1,1,1,1,1,1,1,1,1,1,1,1,1,1,1,1,1,1,1,1,1,1,1,1,1,1
CDK1,1,1,1,1,1,1,0.04790719,0.00570416,1,1,1,1,1,1,1,1,1,1,1,1,1,1,1,1,1,1,1,1,1,1,1,1,1,1,1,1,1,1,1,1,1,1,1,1,1,1,1,1,1,1,1,0,1,1,1,1,1,1,1,1,1
CDK2,1,1,1,0.011323572,1,1,0.026525413,0.000288316,1,1,1,1,1,1,0.16484428,1,1,1,1,1,1,1,1,1,0.979274611,1,0.338345865,0.94,0.8,1,0.98998999,0.93,0.99,0.96,0.93,0.98,1,1,0.979253112,0.97,1,1,0.9,0.95991984,0.97,1,1,1,1,1,1,0,1,1,1,1,1,1,1,1,1
CDK6,1,1,1,1,1,1,1,0.004987033,1,1,1,1,0.007789631,1,0.000904857,1,1,1,1,1,1,1,1,1,1,1,1,1,1,1,1,1,1,1,1,1,1,1,1,1,1,1,1,1,1,1,1,1,1,1,1,1,1,1,1,1,1,1,1,1,1
CDK9,1,1,1,0.005014042,1,1,1,1,1,1,1,1,0.058271041,1,0.00272652,1,1,1,1,1,1,1,1,1,1,1,0.669172932,0.49,1,0.979889392,0.96996997,1,0.96,1,0.99,1,0.98,1,1,0.96,1,1,0.97,1,1,1,1,1,1,1,1,0,1,1,1,1,1,1,1,1,1
DMPK,1,1,1,1,1,1,1,1,1,1,1,1,1,1,1,1,1,1,1,1,1,1,1,1,1,1,1,0.42,0.82,1,1,1,1,0.98,0.93,0.94,1,1,0.989626556,1,1,0.26,0.83,0.248496994,1,1,1,1,1,1,1,1,1,1,1,1,1,1,1,1,1
IRAK1,1,1,1,1,1,1,1,0.024568387,1,1,1,1,1,1,0.001963177,1,1,1,1,1,1,1,1,1,1,1,1,0.0055,0.53,0.648064354,0.57957958,1,1,1,1,1,0.87,1,1,1,1,1,0.98,1,0.78,1,1,1,1,1,1,1,1,1,1,1,1,1,1,1,1
KIT,1,1,1,1,1,1,1,1,0.000930197,1,1,1,1,1,1,1,1,1,1,1,1,1,1,1,0.968911917,1,0.959899749,0.91,0.74,0.969834087,1,1,0.81,0.39,0.98,0.93,1,1,0.94813278,1,0.95,0.88,0.68,0.96993988,0.88,1,1,1,1,1,1,1,1,1,1,1,1,1,1,1,1
LIMK1.2,1,1,0.005596607,1,1,1,1,0.000502148,0.017801984,1,1,1,1,1,1,1,1,1,1,1,1,1,1,1,0.626943005,1,1,0.89,0.85,0.819004525,0.81981982,0.97,0.94,0.95,0.9,0.9,0.87,1,0.958506224,0.87,0.84,0.89,0.69,0.9498998,0.96,1,1,1,1,1,1,1,1,1,1,1,1,1,1,1,1
MAP2K4,1,1,1,1,1,1,1,1,1,1,1,1,1,1,1,1,1,1,1,1,1,1,1,1,0.803108808,1,0.157894737,0.38,0.61,0.919557567,0.078078078,1,1,1,1,0.95,0,1,1,1,0.99,0.86,0.46,1,0.97,1,1,1,1,1,1,1,1,1,1,1,1,1,1,1,1
MAP3K19,1,1,1,1,1,1,1,1,1,1,1,1,1,1,1,1,1,1,1,1,1,1,1,1,0.32642487,1,0.147869674,0.19,0.35,0.467068879,0.299299299,1,1,1,1,1,0.025,1,1,0.94,0.89,0.99,0,1,0.64,1,1,1,1,1,1,1,1,1,1,1,1,1,1,1,1
MAPK10,1,1,1,1,1,1,1,1,1,1,1,1,1,1,1,1,1,1,1,1,1,1,1,1,1,1,0.075689223,0.24,0.84,0.678230266,0.54954955,1,1,0,1,0.09,0.9,1,1,0.81,1,1,0.95,0.819639279,0.83,1,1,1,1,1,1,1,1,1,1,1,1,1,1,1,1
MAPK14,1,1,1,1,1,1,1,1,0.014836987,1,1,1,1,1,1,1,1,1,6.20E-05,1,1,1,1,1,0.989637306,1,0.919799499,0.97,0.92,1,1,1,0.99,1,1,0.94,1,1,0.927385892,1,0.99,0.99,0.95,0.929859719,0.99,1,1,1,1,1,1,1,1,1,1,1,1,1,1,1,1
MAPK8,1,1,1,0.026325286,1,1,1,1,1,1,1,1,1,1,0.059026638,1,1,1,1,1,1,1,1,1,0.917098446,1,0.031578947,0.2,0.68,0.617898441,0.459459459,1,1,0,1,0.96,0.88,1,1,0.88,0.88,0.99,0.66,0.93987976,0.7,1,1,1,1,1,1,1,1,1,1,1,1,1,1,1,1
MAPKAPK2,1,1,1,1,1,1,0.083274751,1,0.008435666,1,1,1,1,1,1,1,1,1,1,1,1,1,1,1,1,1,1,1,0.92,1,1,1,0.89,0.92,0.93,0.17,1,1,0.823651452,1,0.98,0.88,1,0.93987976,1,1,1,1,1,1,1,1,1,1,1,1,1,1,1,1,1
PDGFRA,1,1,1,1,1,1,1,1,1,1,1,1,1,1,1,1,1,1,1,1,1,1,1,1,1,1,1,1,0.81,0.567621921,0.64964965,1,1,1,1,0.12,0.93,1,1,0.85,0.9,0.096,0.91,1,0.54,1,1,1,1,1,1,1,1,1,1,1,1,1,1,1,1
PDPK1,1,1,1,1,1,1,1,1,1,1,1,1,1,1,1,1,1,1,1,1,1,1,1,1,1,1,0.909774436,0.83,1,0.748617396,1,1,0.88,0.96,0.92,0.92,0.94,1,0.03526971,0.91,0.99,0.85,0.46,0.819639279,0.9,1,1,1,1,1,1,1,1,1,1,0,1,1,1,1,1
PIK3CB,1,1,1,1,1,1,1,1,1,1,1,1,1,1,1,1,1,1,1,1,1,1,1,1,1,1,1,1,0.89,0.819004525,0.53953954,1,1,1,1,1,0.73,1,1,0,0.18,1,1,1,1,0,1,1,1,1,0,1,1,1,1,1,1,1,1,1,1
PLK1,1,1,1,1,1,1,0.010544925,1,1,1,1,1,1,1,1,1,1,1,1,1,1,1,1,1,1,1,1,1,0.94,0.668174962,0.65965966,1,1,1,1,1,0.93,1,1,0.94,0.45,1,1,1,0.87,1,1,1,1,1,1,1,1,1,1,1,1,1,1,1,1
PRKCH,1,1,1,1,1,1,1,1,1,1,1,1,1,1,1,1,1,1,1,1,1,1,1,1,0.906735751,0.62,1,0.78,1,1,1,1,0.82,1,0.97,0.96,1,1,0,0.95,1,0.078,0.9,0.059118236,1,1,1,1,1,1,1,1,1,1,1,1,1,1,1,1,1
RIOK3,1,1,1,1,1,1,1,1,1,1,1,1,1,1,1,1,1,1,1,1,1,1,1,1,1,1,0.458646617,0.82,1,0.969834087,0.88988989,0.12,0.87,0.87,0.97,1,0.59,1,1,1,1,0.98,0.57,0.9498998,1,1,1,1,1,1,1,1,1,1,1,1,1,1,1,1,1
RIPK3,1,1,1,1,1,1,0.034205935,0.004430252,1,1,1,1,1,1,1,1,1,1,1,1,1,1,1,0.032662345,1,1,1,1,1,1,1,1,1,1,1,1,1,1,1,1,1,1,1,1,1,1,1,1,1,1,1,1,1,1,1,1,1,1,1,1,1
SLK,1,0.010762449,1,1,1,1,0.003448485,1,0.034401738,1,1,1,1,1,1,1,1,1,1,1,1,1,1,1,0.989637306,1,0.949874687,0.75,0.71,0.436902966,0.96996997,1,0.047,0.91,0.92,0.92,1,1,0.989626556,1,0.95,0.12,1,0.328657315,0.8,1,1,1,1,1,1,1,1,1,1,1,1,1,1,1,1
SRPK2,1,1,1,1,1,1,1,1,1,1,1,1,1,1,1,1,1,1,1,1,1,1,1,1,1,1,1,1,1,1,0.045045045,1,1,1,1,1,1,1,1,1,1,1,1,1,1,1,1,1,1,1,1,1,1,1,1,1,1,1,1,1,1
STK10,1,0.011425663,1,1,1,1,0.0014947,1,0.044448393,1,1,1,1,1,0.038816217,1,1,1,1,1,1,1,1,1,1,1,0.969924812,0.82,0.5,0.63800905,1,1,0.36,0.97,0.9,0.9,0.95,1,0.937759336,1,0.86,0.47,0.93,0.789579158,0.94,1,1,1,1,1,1,1,1,1,1,1,1,1,1,1,1
TAOK1,1,1,1,1,1,1,0.032684019,1,1,0.003597341,1,1,1,1,0.001673557,1,1,1,1,1,1,1,0.006084805,1,1,1,0.929824561,0.36,0.32,0.87933635,0.027027027,1,1,1,1,0.86,0.96,1,1,0.9,0.82,1,0.66,1,0.86,1,1,1,1,1,1,1,1,1,1,1,1,1,1,1,1
TAOK3,1,1,1,1,1,1,1,1,1,1,1,1,1,1,0.027037917,1,1,1,1,0.18546693,1,1,1,1,1,1,1,0.099,0.82,0.929612871,0.67967968,1,1,1,1,1,1,1,0.979253112,1,0.99,0.89,0.69,0.909819639,0.91,1,1,1,1,1,1,1,1,1,1,1,1,1,1,1,1
